SEQN,chronological_age,surrogate_score,bio_age,age_acceleration
1001,55.000000,0.686101,55.000000,0.000000
1003,47.000000,0.084660,47.000000,0.000000
